WRS2,date,img_obs_fn,img_pred_fn,rmse_G
p013r031,2017-124,,./2017_analysis/p013r031_inputs/moths_paper_3_prediction_2017-124_qa.tif,./2017_analysis/p013r031_inputs/YATSM_moths_paper_3_p013r031_harm_G_2010-07-01_refit.tif
p013r031,2017-132,,./2017_analysis/p013r031_inputs/moths_paper_3_prediction_2017-132_qa.tif,./2017_analysis/p013r031_inputs/YATSM_moths_paper_3_p013r031_harm_G_2010-07-01_refit.tif
p013r031,2017-140,./2017_analysis/p013r031_inputs/LC80130312017140LGN00_all,./2017_analysis/p013r031_inputs/moths_paper_3_prediction_2017-140_qa.tif,./2017_analysis/p013r031_inputs/YATSM_moths_paper_3_p013r031_harm_G_2010-07-01_refit.tif
p013r031,2017-148,./2017_analysis/p013r031_inputs/LE70130312017148EDC00_all,./2017_analysis/p013r031_inputs/moths_paper_3_prediction_2017-148_qa.tif,./2017_analysis/p013r031_inputs/YATSM_moths_paper_3_p013r031_harm_G_2010-07-01_refit.tif
p013r031,2017-156,,./2017_analysis/p013r031_inputs/moths_paper_3_prediction_2017-156_qa.tif,./2017_analysis/p013r031_inputs/YATSM_moths_paper_3_p013r031_harm_G_2010-07-01_refit.tif
p013r031,2017-164,./2017_analysis/p013r031_inputs/LE70130312017164EDC00_all,./2017_analysis/p013r031_inputs/moths_paper_3_prediction_2017-164_qa.tif,./2017_analysis/p013r031_inputs/YATSM_moths_paper_3_p013r031_harm_G_2010-07-01_refit.tif
p013r031,2017-172,./2017_analysis/p013r031_inputs/LC80130312017172LGN00_all,./2017_analysis/p013r031_inputs/moths_paper_3_prediction_2017-172_qa.tif,./2017_analysis/p013r031_inputs/YATSM_moths_paper_3_p013r031_harm_G_2010-07-01_refit.tif
p013r031,2017-180,./2017_analysis/p013r031_inputs/LE70130312017180EDC00_all,./2017_analysis/p013r031_inputs/moths_paper_3_prediction_2017-180_qa.tif,./2017_analysis/p013r031_inputs/YATSM_moths_paper_3_p013r031_harm_G_2010-07-01_refit.tif
p013r031,2017-188,,./2017_analysis/p013r031_inputs/moths_paper_3_prediction_2017-188_qa.tif,./2017_analysis/p013r031_inputs/YATSM_moths_paper_3_p013r031_harm_G_2010-07-01_refit.tif
p013r031,2017-196,./2017_analysis/p013r031_inputs/LE70130312017196EDC01_all,./2017_analysis/p013r031_inputs/moths_paper_3_prediction_2017-196_qa.tif,./2017_analysis/p013r031_inputs/YATSM_moths_paper_3_p013r031_harm_G_2010-07-01_refit.tif
p013r031,2017-204,./2017_analysis/p013r031_inputs/LC80130312017204LGN00_all,./2017_analysis/p013r031_inputs/moths_paper_3_prediction_2017-204_qa.tif,./2017_analysis/p013r031_inputs/YATSM_moths_paper_3_p013r031_harm_G_2010-07-01_refit.tif
p013r031,2017-212,./2017_analysis/p013r031_inputs/LE70130312017212EDC01_all,./2017_analysis/p013r031_inputs/moths_paper_3_prediction_2017-212_qa.tif,./2017_analysis/p013r031_inputs/YATSM_moths_paper_3_p013r031_harm_G_2010-07-01_refit.tif
p013r031,2017-220,,./2017_analysis/p013r031_inputs/moths_paper_3_prediction_2017-220_qa.tif,./2017_analysis/p013r031_inputs/YATSM_moths_paper_3_p013r031_harm_G_2010-07-01_refit.tif
p013r031,2017-228,,./2017_analysis/p013r031_inputs/moths_paper_3_prediction_2017-228_qa.tif,./2017_analysis/p013r031_inputs/YATSM_moths_paper_3_p013r031_harm_G_2010-07-01_refit.tif
p013r031,2017-236,,./2017_analysis/p013r031_inputs/moths_paper_3_prediction_2017-236_qa.tif,./2017_analysis/p013r031_inputs/YATSM_moths_paper_3_p013r031_harm_G_2010-07-01_refit.tif
p013r031,2017-244,,./2017_analysis/p013r031_inputs/moths_paper_3_prediction_2017-244_qa.tif,./2017_analysis/p013r031_inputs/YATSM_moths_paper_3_p013r031_harm_G_2010-07-01_refit.tif
p013r031,2017-252,,./2017_analysis/p013r031_inputs/moths_paper_3_prediction_2017-252_qa.tif,./2017_analysis/p013r031_inputs/YATSM_moths_paper_3_p013r031_harm_G_2010-07-01_refit.tif
p013r031,2017-260,,./2017_analysis/p013r031_inputs/moths_paper_3_prediction_2017-260_qa.tif,./2017_analysis/p013r031_inputs/YATSM_moths_paper_3_p013r031_harm_G_2010-07-01_refit.tif
p012r031,2017-125,,./2017_analysis/p013r031_inputs/moths_paper_3_prediction_2017-125_qa.tif,./2017_analysis/p012r031_inputs/YATSM_moths_paper_3_p012r031_harm_G_2010-07-01_refit.tif
p012r031,2017-133,,./2017_analysis/p013r031_inputs/moths_paper_3_prediction_2017-133_qa.tif,./2017_analysis/p012r031_inputs/YATSM_moths_paper_3_p012r031_harm_G_2010-07-01_refit.tif
p012r031,2017-141,./2017_analysis/p012r031_inputs/LE70120312017141EDC00_all,./2017_analysis/p012r031_inputs/moths_paper_3_prediction_2017-141_qa.tif,./2017_analysis/p012r031_inputs/YATSM_moths_paper_3_p012r031_harm_G_2010-07-01_refit.tif
p012r031,2017-149,,./2017_analysis/p012r031_inputs/moths_paper_3_prediction_2017-149_qa.tif,./2017_analysis/p012r031_inputs/YATSM_moths_paper_3_p012r031_harm_G_2010-07-01_refit.tif
p012r031,2017-157,,./2017_analysis/p012r031_inputs/moths_paper_3_prediction_2017-157_qa.tif,./2017_analysis/p012r031_inputs/YATSM_moths_paper_3_p012r031_harm_G_2010-07-01_refit.tif
p012r031,2017-165,./2017_analysis/p012r031_inputs/LC80120312017165LGN00_all,./2017_analysis/p012r031_inputs/moths_paper_3_prediction_2017-165_qa.tif,./2017_analysis/p012r031_inputs/YATSM_moths_paper_3_p012r031_harm_G_2010-07-01_refit.tif
p012r031,2017-173,./2017_analysis/p012r031_inputs/LE70120312017173EDC01_all,./2017_analysis/p012r031_inputs/moths_paper_3_prediction_2017-173_qa.tif,./2017_analysis/p012r031_inputs/YATSM_moths_paper_3_p012r031_harm_G_2010-07-01_refit.tif
p012r031,2017-181,./2017_analysis/p012r031_inputs/LC80120312017181LGN00_all,./2017_analysis/p012r031_inputs/moths_paper_3_prediction_2017-181_qa.tif,./2017_analysis/p012r031_inputs/YATSM_moths_paper_3_p012r031_harm_G_2010-07-01_refit.tif
p012r031,2017-189,./2017_analysis/p012r031_inputs/LE70120312017189EDC00_all,./2017_analysis/p012r031_inputs/moths_paper_3_prediction_2017-189_qa.tif,./2017_analysis/p012r031_inputs/YATSM_moths_paper_3_p012r031_harm_G_2010-07-01_refit.tif
p012r031,2017-197,./2017_analysis/p012r031_inputs/LC80120312017197LGN00_all,./2017_analysis/p012r031_inputs/moths_paper_3_prediction_2017-197_qa.tif,./2017_analysis/p012r031_inputs/YATSM_moths_paper_3_p012r031_harm_G_2010-07-01_refit.tif
p012r031,2017-205,,./2017_analysis/p012r031_inputs/moths_paper_3_prediction_2017-205_qa.tif,./2017_analysis/p012r031_inputs/YATSM_moths_paper_3_p012r031_harm_G_2010-07-01_refit.tif
p012r031,2017-213,./2017_analysis/p012r031_inputs/LC80120312017213LGN00_all,./2017_analysis/p012r031_inputs/moths_paper_3_prediction_2017-213_qa.tif,./2017_analysis/p012r031_inputs/YATSM_moths_paper_3_p012r031_harm_G_2010-07-01_refit.tif
p012r031,2017-221,,./2017_analysis/p012r031_inputs/moths_paper_3_prediction_2017-221_qa.tif,./2017_analysis/p012r031_inputs/YATSM_moths_paper_3_p012r031_harm_G_2010-07-01_refit.tif
p012r031,2017-229,,./2017_analysis/p012r031_inputs/moths_paper_3_prediction_2017-229_qa.tif,./2017_analysis/p012r031_inputs/YATSM_moths_paper_3_p012r031_harm_G_2010-07-01_refit.tif
p012r031,2017-237,,./2017_analysis/p012r031_inputs/moths_paper_3_prediction_2017-237_qa.tif,./2017_analysis/p012r031_inputs/YATSM_moths_paper_3_p012r031_harm_G_2010-07-01_refit.tif
p012r031,2017-245,,./2017_analysis/p012r031_inputs/moths_paper_3_prediction_2017-245_qa.tif,./2017_analysis/p012r031_inputs/YATSM_moths_paper_3_p012r031_harm_G_2010-07-01_refit.tif
p012r031,2017-253,,./2017_analysis/p012r031_inputs/moths_paper_3_prediction_2017-253_qa.tif,./2017_analysis/p012r031_inputs/YATSM_moths_paper_3_p012r031_harm_G_2010-07-01_refit.tif
p012r031,2017-261,,./2017_analysis/p012r031_inputs/moths_paper_3_prediction_2017-261_qa.tif,./2017_analysis/p012r031_inputs/YATSM_moths_paper_3_p012r031_harm_G_2010-07-01_refit.tif